Package Name,APK
com.trainerize.heatheryanceyfitnessllc,/home/viper18/Desktop/GDPR/gdpr_test_bed/apks/com.trainerize.heatheryanceyfitnessllc.base.apk
com.trainerize.chrisortegafit,/home/viper18/Desktop/GDPR/gdpr_test_bed/apks/com.trainerize.chrisortegafit.base.apk
com.trainerize.joaquinfitness,/home/viper18/Desktop/GDPR/gdpr_test_bed/apks/com.trainerize.joaquinfitness.base.apk
com.trainerize.bodybycoach,/home/viper18/Desktop/GDPR/gdpr_test_bed/apks/com.trainerize.bodybycoach.base.apk
com.trainerize.asiastrongfitness,/home/viper18/Desktop/GDPR/gdpr_test_bed/apks/com.trainerize.asiastrongfitness.base.apk
com.trainerize.beyondhealthandfitness,/home/viper18/Desktop/GDPR/gdpr_test_bed/apks/com.trainerize.beyondhealthandfitness.base.apk
com.totalfit.mobile.android,/home/viper18/Desktop/GDPR/gdpr_test_bed/apks/com.totalfit.mobile.android.base.apk
com.trainerize.bodiesbybrandi,/home/viper18/Desktop/GDPR/gdpr_test_bed/apks/com.trainerize.bodiesbybrandi.base.apk
com.trainerize.efcaccountability,/home/viper18/Desktop/GDPR/gdpr_test_bed/apks/com.trainerize.efcaccountability.base.apk
com.trainerize.lauramorrisonlinecoaching,/home/viper18/Desktop/GDPR/gdpr_test_bed/apks/com.trainerize.lauramorrisonlinecoaching.base.apk
com.trainerize.commit,/home/viper18/Desktop/GDPR/gdpr_test_bed/apks/com.trainerize.commit.base.apk
com.trainerize.aspyrefit,/home/viper18/Desktop/GDPR/gdpr_test_bed/apks/com.trainerize.aspyrefit.base.apk
com.trainerize.chrisstockwellfitness,/home/viper18/Desktop/GDPR/gdpr_test_bed/apks/com.trainerize.chrisstockwellfitness.base.apk
com.trainerize.lowerthebarwellness,/home/viper18/Desktop/GDPR/gdpr_test_bed/apks/com.trainerize.lowerthebarwellness.base.apk
com.tqniait.fitness,/home/viper18/Desktop/GDPR/gdpr_test_bed/apks/com.tqniait.fitness.base.apk
com.trainerize.expectelite,/home/viper18/Desktop/GDPR/gdpr_test_bed/apks/com.trainerize.expectelite.base.apk
com.tmu.ihealth,/home/viper18/Desktop/GDPR/gdpr_test_bed/apks/com.tmu.ihealth.base.apk
com.trainerize.christinawoodardfitness,/home/viper18/Desktop/GDPR/gdpr_test_bed/apks/com.trainerize.christinawoodardfitness.base.apk
com.trainerize.kristenwoodman,/home/viper18/Desktop/GDPR/gdpr_test_bed/apks/com.trainerize.kristenwoodman.base.apk
com.trainerize.nielsenfit,/home/viper18/Desktop/GDPR/gdpr_test_bed/apks/com.trainerize.nielsenfit.base.apk
com.trainerize.growthgalleryonlinetraining,/home/viper18/Desktop/GDPR/gdpr_test_bed/apks/com.trainerize.growthgalleryonlinetraining.base.apk
com.trainerize.andrewmorrowperformance,/home/viper18/Desktop/GDPR/gdpr_test_bed/apks/com.trainerize.andrewmorrowperformance.base.apk
com.trainerize.mplsclubpersonaltraining,/home/viper18/Desktop/GDPR/gdpr_test_bed/apks/com.trainerize.mplsclubpersonaltraining.base.apk
com.trainerize.bravefitness,/home/viper18/Desktop/GDPR/gdpr_test_bed/apks/com.trainerize.bravefitness.base.apk
com.trainerize.jacksonsmithpt,/home/viper18/Desktop/GDPR/gdpr_test_bed/apks/com.trainerize.jacksonsmithpt.base.apk
com.trainerize.feldmanfit,/home/viper18/Desktop/GDPR/gdpr_test_bed/apks/com.trainerize.feldmanfit.base.apk
com.trainerize.allaroundstrong,/home/viper18/Desktop/GDPR/gdpr_test_bed/apks/com.trainerize.allaroundstrong.base.apk
com.trainerize.bespokefitness,/home/viper18/Desktop/GDPR/gdpr_test_bed/apks/com.trainerize.bespokefitness.base.apk
com.trainerize.belmontfitness,/home/viper18/Desktop/GDPR/gdpr_test_bed/apks/com.trainerize.belmontfitness.base.apk
com.trainerize.centrestrengthonline,/home/viper18/Desktop/GDPR/gdpr_test_bed/apks/com.trainerize.centrestrengthonline.base.apk
com.trainerize.ascentpersonaltrainer,/home/viper18/Desktop/GDPR/gdpr_test_bed/apks/com.trainerize.ascentpersonaltrainer.base.apk
com.trainerize.ashonlinehealth,/home/viper18/Desktop/GDPR/gdpr_test_bed/apks/com.trainerize.ashonlinehealth.base.apk
com.trainerize.fitnessimpact,/home/viper18/Desktop/GDPR/gdpr_test_bed/apks/com.trainerize.fitnessimpact.base.apk
com.trainerize.movemintatlanta,/home/viper18/Desktop/GDPR/gdpr_test_bed/apks/com.trainerize.movemintatlanta.base.apk
com.trainerize.hazefitness,/home/viper18/Desktop/GDPR/gdpr_test_bed/apks/com.trainerize.hazefitness.base.apk
com.trainerize.ainsley1,/home/viper18/Desktop/GDPR/gdpr_test_bed/apks/com.trainerize.ainsley1.base.apk
com.trainerize.actionjacksonfitness,/home/viper18/Desktop/GDPR/gdpr_test_bed/apks/com.trainerize.actionjacksonfitness.base.apk
com.trainerize.exodusbymoeefit,/home/viper18/Desktop/GDPR/gdpr_test_bed/apks/com.trainerize.exodusbymoeefit.base.apk
com.trainerize.ctresolutecoaching,/home/viper18/Desktop/GDPR/gdpr_test_bed/apks/com.trainerize.ctresolutecoaching.base.apk
com.trainerize.apexfitnessmobiletrainer,/home/viper18/Desktop/GDPR/gdpr_test_bed/apks/com.trainerize.apexfitnessmobiletrainer.base.apk
com.trainerize.fitfourfiveroffit,/home/viper18/Desktop/GDPR/gdpr_test_bed/apks/com.trainerize.fitfourfiveroffit.base.apk
com.trainerize.antoniofernandez,/home/viper18/Desktop/GDPR/gdpr_test_bed/apks/com.trainerize.antoniofernandez.base.apk
com.trainerize.jgcalisthenicsapp,/home/viper18/Desktop/GDPR/gdpr_test_bed/apks/com.trainerize.jgcalisthenicsapp.base.apk
com.trainerize.bootylab,/home/viper18/Desktop/GDPR/gdpr_test_bed/apks/com.trainerize.bootylab.base.apk
com.trainerize.frameworkrxercise,/home/viper18/Desktop/GDPR/gdpr_test_bed/apks/com.trainerize.frameworkrxercise.base.apk
com.trainerize.alteregosp,/home/viper18/Desktop/GDPR/gdpr_test_bed/apks/com.trainerize.alteregosp.base.apk
com.trainerize.gregdirenzofitnesscoaching,/home/viper18/Desktop/GDPR/gdpr_test_bed/apks/com.trainerize.gregdirenzofitnesscoaching.base.apk
com.trainerize.dfhtraining,/home/viper18/Desktop/GDPR/gdpr_test_bed/apks/com.trainerize.dfhtraining.base.apk
com.trainerize.kmfitnessapp,/home/viper18/Desktop/GDPR/gdpr_test_bed/apks/com.trainerize.kmfitnessapp.base.apk
com.trainerize.cornerstonefitness,/home/viper18/Desktop/GDPR/gdpr_test_bed/apks/com.trainerize.cornerstonefitness.base.apk
com.trainerize.momuscle,/home/viper18/Desktop/GDPR/gdpr_test_bed/apks/com.trainerize.momuscle.base.apk
com.teckelmedical.mediktor,/home/viper18/Desktop/GDPR/gdpr_test_bed/apks/com.teckelmedical.mediktor.base.apk
com.trainerize.fitfambysam,/home/viper18/Desktop/GDPR/gdpr_test_bed/apks/com.trainerize.fitfambysam.base.apk
com.trainerize.divaoverfifty,/home/viper18/Desktop/GDPR/gdpr_test_bed/apks/com.trainerize.divaoverfifty.base.apk
com.trainerize.jacobzemer,/home/viper18/Desktop/GDPR/gdpr_test_bed/apks/com.trainerize.jacobzemer.base.apk
com.trainerize.basementfit,/home/viper18/Desktop/GDPR/gdpr_test_bed/apks/com.trainerize.basementfit.base.apk
com.trainerize.cffitnessandtravel,/home/viper18/Desktop/GDPR/gdpr_test_bed/apks/com.trainerize.cffitnessandtravel.base.apk
com.trainerize.cindyleestrengthcoaching,/home/viper18/Desktop/GDPR/gdpr_test_bed/apks/com.trainerize.cindyleestrengthcoaching.base.apk
com.trainerize.aaronbileckifitness,/home/viper18/Desktop/GDPR/gdpr_test_bed/apks/com.trainerize.aaronbileckifitness.base.apk
com.trainerize.jaycinfitness,/home/viper18/Desktop/GDPR/gdpr_test_bed/apks/com.trainerize.jaycinfitness.base.apk
com.trainerize.morleycoachingfitandsports,/home/viper18/Desktop/GDPR/gdpr_test_bed/apks/com.trainerize.morleycoachingfitandsports.base.apk
com.trainerize.lauracookfitnessacademy,/home/viper18/Desktop/GDPR/gdpr_test_bed/apks/com.trainerize.lauracookfitnessacademy.base.apk
com.trainerize.abcalisthenics,/home/viper18/Desktop/GDPR/gdpr_test_bed/apks/com.trainerize.abcalisthenics.base.apk
com.trainerize.identityfitness,/home/viper18/Desktop/GDPR/gdpr_test_bed/apks/com.trainerize.identityfitness.base.apk
com.testa.plank,/home/viper18/Desktop/GDPR/gdpr_test_bed/apks/com.testa.plank.base.apk
com.trainerize.architecteuphoria,/home/viper18/Desktop/GDPR/gdpr_test_bed/apks/com.trainerize.architecteuphoria.base.apk
com.trainasone,/home/viper18/Desktop/GDPR/gdpr_test_bed/apks/com.trainasone.base.apk
com.trainerize.functionalphysique,/home/viper18/Desktop/GDPR/gdpr_test_bed/apks/com.trainerize.functionalphysique.base.apk
com.trainerize.feralstrengthtraining,/home/viper18/Desktop/GDPR/gdpr_test_bed/apks/com.trainerize.feralstrengthtraining.base.apk
com.trainerize.jwfit,/home/viper18/Desktop/GDPR/gdpr_test_bed/apks/com.trainerize.jwfit.base.apk
com.trainerize.ironandheels,/home/viper18/Desktop/GDPR/gdpr_test_bed/apks/com.trainerize.ironandheels.base.apk
com.trainerize.dynamisprotocol,/home/viper18/Desktop/GDPR/gdpr_test_bed/apks/com.trainerize.dynamisprotocol.base.apk
com.trainerize.flourishfitness,/home/viper18/Desktop/GDPR/gdpr_test_bed/apks/com.trainerize.flourishfitness.base.apk
com.trainerize.breakthroughpersonalcoaching,/home/viper18/Desktop/GDPR/gdpr_test_bed/apks/com.trainerize.breakthroughpersonalcoaching.base.apk
com.technogym.rockthecycle,/home/viper18/Desktop/GDPR/gdpr_test_bed/apks/com.technogym.rockthecycle.base.apk
com.trainerize.ascensionfitness,/home/viper18/Desktop/GDPR/gdpr_test_bed/apks/com.trainerize.ascensionfitness.base.apk
com.trainerize.espt,/home/viper18/Desktop/GDPR/gdpr_test_bed/apks/com.trainerize.espt.base.apk
com.trainerize.jasongrimafitness,/home/viper18/Desktop/GDPR/gdpr_test_bed/apks/com.trainerize.jasongrimafitness.base.apk
com.trainerize.kelseyteddifitness,/home/viper18/Desktop/GDPR/gdpr_test_bed/apks/com.trainerize.kelseyteddifitness.base.apk
com.trainerize.breakthebarrierfitness,/home/viper18/Desktop/GDPR/gdpr_test_bed/apks/com.trainerize.breakthebarrierfitness.base.apk
com.trainerize.lorifetrickfit,/home/viper18/Desktop/GDPR/gdpr_test_bed/apks/com.trainerize.lorifetrickfit.base.apk
com.trainerize.healthandhumanmovement,/home/viper18/Desktop/GDPR/gdpr_test_bed/apks/com.trainerize.healthandhumanmovement.base.apk
com.trainerize.ebbywheychampfitness,/home/viper18/Desktop/GDPR/gdpr_test_bed/apks/com.trainerize.ebbywheychampfitness.base.apk
com.trainerize.idealphysiques,/home/viper18/Desktop/GDPR/gdpr_test_bed/apks/com.trainerize.idealphysiques.base.apk
com.trainerize.daxwilcoxcoaching,/home/viper18/Desktop/GDPR/gdpr_test_bed/apks/com.trainerize.daxwilcoxcoaching.base.apk
com.trainerize.nataliakahnfitness,/home/viper18/Desktop/GDPR/gdpr_test_bed/apks/com.trainerize.nataliakahnfitness.base.apk
com.trainerize.michelleberryfitness,/home/viper18/Desktop/GDPR/gdpr_test_bed/apks/com.trainerize.michelleberryfitness.base.apk
com.televet.care,/home/viper18/Desktop/GDPR/gdpr_test_bed/apks/com.televet.care.base.apk
com.trainerize.aqcoaching,/home/viper18/Desktop/GDPR/gdpr_test_bed/apks/com.trainerize.aqcoaching.base.apk
com.trainerize.agprivatecoaching,/home/viper18/Desktop/GDPR/gdpr_test_bed/apks/com.trainerize.agprivatecoaching.base.apk
com.trainerize.healthquarters,/home/viper18/Desktop/GDPR/gdpr_test_bed/apks/com.trainerize.healthquarters.base.apk
com.trainerize.jaimiejayfitness,/home/viper18/Desktop/GDPR/gdpr_test_bed/apks/com.trainerize.jaimiejayfitness.base.apk
com.trainerize.elitebodymastery,/home/viper18/Desktop/GDPR/gdpr_test_bed/apks/com.trainerize.elitebodymastery.base.apk
com.trainerize.fiticonix,/home/viper18/Desktop/GDPR/gdpr_test_bed/apks/com.trainerize.fiticonix.base.apk
com.thehutgroup.ecommerce.myprotein,/home/viper18/Desktop/GDPR/gdpr_test_bed/apks/com.thehutgroup.ecommerce.myprotein.base.apk
com.trainerize.ashleywiensfitness,/home/viper18/Desktop/GDPR/gdpr_test_bed/apks/com.trainerize.ashleywiensfitness.base.apk
com.trainerize.livingproofnutrition,/home/viper18/Desktop/GDPR/gdpr_test_bed/apks/com.trainerize.livingproofnutrition.base.apk
com.tractive.android.walk,/home/viper18/Desktop/GDPR/gdpr_test_bed/apks/com.tractive.android.walk.base.apk
com.trainerize.empoweredlife,/home/viper18/Desktop/GDPR/gdpr_test_bed/apks/com.trainerize.empoweredlife.base.apk
com.trainerize.jadebaileypersonaltraining,/home/viper18/Desktop/GDPR/gdpr_test_bed/apks/com.trainerize.jadebaileypersonaltraining.base.apk
com.timp.jgfitness,/home/viper18/Desktop/GDPR/gdpr_test_bed/apks/com.timp.jgfitness.base.apk
com.trainerize.iamadriene,/home/viper18/Desktop/GDPR/gdpr_test_bed/apks/com.trainerize.iamadriene.base.apk
com.trainerize.foreveryoungphysique,/home/viper18/Desktop/GDPR/gdpr_test_bed/apks/com.trainerize.foreveryoungphysique.base.apk
com.trainerize.excelsiorcoaching,/home/viper18/Desktop/GDPR/gdpr_test_bed/apks/com.trainerize.excelsiorcoaching.base.apk
com.trainerize.coachcoreyfitness,/home/viper18/Desktop/GDPR/gdpr_test_bed/apks/com.trainerize.coachcoreyfitness.base.apk
com.trainerize.ashleyperrottafitness,/home/viper18/Desktop/GDPR/gdpr_test_bed/apks/com.trainerize.ashleyperrottafitness.base.apk
com.trainerize.meekfit,/home/viper18/Desktop/GDPR/gdpr_test_bed/apks/com.trainerize.meekfit.base.apk
com.trainerize.healthspartan,/home/viper18/Desktop/GDPR/gdpr_test_bed/apks/com.trainerize.healthspartan.base.apk
com.thisismilo.android,/home/viper18/Desktop/GDPR/gdpr_test_bed/apks/com.thisismilo.android.base.apk
com.trainerize.fearlessmovementcollective,/home/viper18/Desktop/GDPR/gdpr_test_bed/apks/com.trainerize.fearlessmovementcollective.base.apk
com.trainerize.abdoctorfitness,/home/viper18/Desktop/GDPR/gdpr_test_bed/apks/com.trainerize.abdoctorfitness.base.apk
com.trainerize.charlottemilnept,/home/viper18/Desktop/GDPR/gdpr_test_bed/apks/com.trainerize.charlottemilnept.base.apk
com.trainerize.georgefitt,/home/viper18/Desktop/GDPR/gdpr_test_bed/apks/com.trainerize.georgefitt.base.apk
com.trainerize.equilibriumapp,/home/viper18/Desktop/GDPR/gdpr_test_bed/apks/com.trainerize.equilibriumapp.base.apk
com.trainerize.beedeefitnesstraining,/home/viper18/Desktop/GDPR/gdpr_test_bed/apks/com.trainerize.beedeefitnesstraining.base.apk
com.trainerize.gayleharveypt,/home/viper18/Desktop/GDPR/gdpr_test_bed/apks/com.trainerize.gayleharveypt.base.apk
com.trainerize.fitpurpose,/home/viper18/Desktop/GDPR/gdpr_test_bed/apks/com.trainerize.fitpurpose.base.apk
com.trainerize.bouncedbackwellness,/home/viper18/Desktop/GDPR/gdpr_test_bed/apks/com.trainerize.bouncedbackwellness.base.apk
com.trainerize.berealfitness,/home/viper18/Desktop/GDPR/gdpr_test_bed/apks/com.trainerize.berealfitness.base.apk
com.trainerize.fitnessinntraining,/home/viper18/Desktop/GDPR/gdpr_test_bed/apks/com.trainerize.fitnessinntraining.base.apk
com.trainerize.metricfitness,/home/viper18/Desktop/GDPR/gdpr_test_bed/apks/com.trainerize.metricfitness.base.apk
com.trainerize.fastathletics,/home/viper18/Desktop/GDPR/gdpr_test_bed/apks/com.trainerize.fastathletics.base.apk
com.trainerize.esteemvitality,/home/viper18/Desktop/GDPR/gdpr_test_bed/apks/com.trainerize.esteemvitality.base.apk
com.trainerize.joelcostellopt,/home/viper18/Desktop/GDPR/gdpr_test_bed/apks/com.trainerize.joelcostellopt.base.apk
com.trainerize.indigowarriorfit,/home/viper18/Desktop/GDPR/gdpr_test_bed/apks/com.trainerize.indigowarriorfit.base.apk
com.trainerize.modelshape,/home/viper18/Desktop/GDPR/gdpr_test_bed/apks/com.trainerize.modelshape.base.apk
com.trainerize.fitnessjonestraining,/home/viper18/Desktop/GDPR/gdpr_test_bed/apks/com.trainerize.fitnessjonestraining.base.apk
com.trainerize.dawnrossfitness,/home/viper18/Desktop/GDPR/gdpr_test_bed/apks/com.trainerize.dawnrossfitness.base.apk
com.trainerize.boldstrength,/home/viper18/Desktop/GDPR/gdpr_test_bed/apks/com.trainerize.boldstrength.base.apk
com.trainerize.oakfitness,/home/viper18/Desktop/GDPR/gdpr_test_bed/apks/com.trainerize.oakfitness.base.apk
com.trainerize.achievfit,/home/viper18/Desktop/GDPR/gdpr_test_bed/apks/com.trainerize.achievfit.base.apk
com.trainerize.jagfitness,/home/viper18/Desktop/GDPR/gdpr_test_bed/apks/com.trainerize.jagfitness.base.apk
com.trainerize.gsnation,/home/viper18/Desktop/GDPR/gdpr_test_bed/apks/com.trainerize.gsnation.base.apk
com.trainerize.mamafitnesscoaching,/home/viper18/Desktop/GDPR/gdpr_test_bed/apks/com.trainerize.mamafitnesscoaching.base.apk
com.trainerize.affluentaesthetics,/home/viper18/Desktop/GDPR/gdpr_test_bed/apks/com.trainerize.affluentaesthetics.base.apk
com.trainerize.impact,/home/viper18/Desktop/GDPR/gdpr_test_bed/apks/com.trainerize.impact.base.apk
com.trainerize.bodybyb,/home/viper18/Desktop/GDPR/gdpr_test_bed/apks/com.trainerize.bodybyb.base.apk
com.trainerize.builtbywill,/home/viper18/Desktop/GDPR/gdpr_test_bed/apks/com.trainerize.builtbywill.base.apk
com.trainerize.harmone,/home/viper18/Desktop/GDPR/gdpr_test_bed/apks/com.trainerize.harmone.base.apk
com.trainerize.kaiowenpersonaltraining,/home/viper18/Desktop/GDPR/gdpr_test_bed/apks/com.trainerize.kaiowenpersonaltraining.base.apk
com.trainerize.fitnessintellect,/home/viper18/Desktop/GDPR/gdpr_test_bed/apks/com.trainerize.fitnessintellect.base.apk
com.trainerize.betaughtnottold,/home/viper18/Desktop/GDPR/gdpr_test_bed/apks/com.trainerize.betaughtnottold.base.apk
com.totalketodiet.ketodiet,/home/viper18/Desktop/GDPR/gdpr_test_bed/apks/com.totalketodiet.ketodiet.base.apk
com.trainerize.drbrooksfitness,/home/viper18/Desktop/GDPR/gdpr_test_bed/apks/com.trainerize.drbrooksfitness.base.apk
com.trainerize.ascendfitness,/home/viper18/Desktop/GDPR/gdpr_test_bed/apks/com.trainerize.ascendfitness.base.apk
com.trainerize.commitwithkourt,/home/viper18/Desktop/GDPR/gdpr_test_bed/apks/com.trainerize.commitwithkourt.base.apk
com.trainerize.laststepfitness,/home/viper18/Desktop/GDPR/gdpr_test_bed/apks/com.trainerize.laststepfitness.base.apk
com.trainerize.beyondfitnessapp,/home/viper18/Desktop/GDPR/gdpr_test_bed/apks/com.trainerize.beyondfitnessapp.base.apk
com.trainerize.movatiathletic,/home/viper18/Desktop/GDPR/gdpr_test_bed/apks/com.trainerize.movatiathletic.base.apk
com.trainerize.michaswallowcoaching,/home/viper18/Desktop/GDPR/gdpr_test_bed/apks/com.trainerize.michaswallowcoaching.base.apk
com.trainerize.experttransformations,/home/viper18/Desktop/GDPR/gdpr_test_bed/apks/com.trainerize.experttransformations.base.apk
com.trainerize.jamesfitness,/home/viper18/Desktop/GDPR/gdpr_test_bed/apks/com.trainerize.jamesfitness.base.apk
com.trainerize.intenseconditioning,/home/viper18/Desktop/GDPR/gdpr_test_bed/apks/com.trainerize.intenseconditioning.base.apk
com.trainerize.beasttransformation,/home/viper18/Desktop/GDPR/gdpr_test_bed/apks/com.trainerize.beasttransformation.base.apk
com.trainerize.mikemcdonnell,/home/viper18/Desktop/GDPR/gdpr_test_bed/apks/com.trainerize.mikemcdonnell.base.apk
com.trainerize.fitsector,/home/viper18/Desktop/GDPR/gdpr_test_bed/apks/com.trainerize.fitsector.base.apk
com.trainerize.alexbrownfitness,/home/viper18/Desktop/GDPR/gdpr_test_bed/apks/com.trainerize.alexbrownfitness.base.apk
com.trainerize.jfit,/home/viper18/Desktop/GDPR/gdpr_test_bed/apks/com.trainerize.jfit.base.apk
com.trainerize.lizescofit,/home/viper18/Desktop/GDPR/gdpr_test_bed/apks/com.trainerize.lizescofit.base.apk
com.trainerize.laurenhattonfitnesscoaching,/home/viper18/Desktop/GDPR/gdpr_test_bed/apks/com.trainerize.laurenhattonfitnesscoaching.base.apk
com.trainerize.Trainerize,/home/viper18/Desktop/GDPR/gdpr_test_bed/apks/com.trainerize.Trainerize.base.apk
com.trainerize.lpcoaching,/home/viper18/Desktop/GDPR/gdpr_test_bed/apks/com.trainerize.lpcoaching.base.apk
com.trainerize.onemodemindset,/home/viper18/Desktop/GDPR/gdpr_test_bed/apks/com.trainerize.onemodemindset.base.apk
com.trainerize.lift,/home/viper18/Desktop/GDPR/gdpr_test_bed/apks/com.trainerize.lift.base.apk
com.trainerize.mbxphys,/home/viper18/Desktop/GDPR/gdpr_test_bed/apks/com.trainerize.mbxphys.base.apk
com.trainerize.bodytracmontgomery,/home/viper18/Desktop/GDPR/gdpr_test_bed/apks/com.trainerize.bodytracmontgomery.base.apk
com.trainerize.atfcoach,/home/viper18/Desktop/GDPR/gdpr_test_bed/apks/com.trainerize.atfcoach.base.apk
com.trainerize.fifteen7fitness,/home/viper18/Desktop/GDPR/gdpr_test_bed/apks/com.trainerize.fifteen7fitness.base.apk
com.trainerize.christinemaywellness,/home/viper18/Desktop/GDPR/gdpr_test_bed/apks/com.trainerize.christinemaywellness.base.apk
com.trainerize.elliebullockfitness,/home/viper18/Desktop/GDPR/gdpr_test_bed/apks/com.trainerize.elliebullockfitness.base.apk
com.trainerize.elementfitness4,/home/viper18/Desktop/GDPR/gdpr_test_bed/apks/com.trainerize.elementfitness4.base.apk
com.trainerize.golffit,/home/viper18/Desktop/GDPR/gdpr_test_bed/apks/com.trainerize.golffit.base.apk
com.trainerize.livefitwithscottgibson,/home/viper18/Desktop/GDPR/gdpr_test_bed/apks/com.trainerize.livefitwithscottgibson.base.apk
com.trainerize.medfordcorecom,/home/viper18/Desktop/GDPR/gdpr_test_bed/apks/com.trainerize.medfordcorecom.base.apk
com.trainerize.ascensionfit,/home/viper18/Desktop/GDPR/gdpr_test_bed/apks/com.trainerize.ascensionfit.base.apk
com.trainerize.engage,/home/viper18/Desktop/GDPR/gdpr_test_bed/apks/com.trainerize.engage.base.apk
com.trainerize.mnsportsperformance,/home/viper18/Desktop/GDPR/gdpr_test_bed/apks/com.trainerize.mnsportsperformance.base.apk
com.trainerize.irontherapyproject,/home/viper18/Desktop/GDPR/gdpr_test_bed/apks/com.trainerize.irontherapyproject.base.apk
com.trainerize.bishbod,/home/viper18/Desktop/GDPR/gdpr_test_bed/apks/com.trainerize.bishbod.base.apk
com.trainerize.chalkup,/home/viper18/Desktop/GDPR/gdpr_test_bed/apks/com.trainerize.chalkup.base.apk
com.trainerize.katlynwardenfitness,/home/viper18/Desktop/GDPR/gdpr_test_bed/apks/com.trainerize.katlynwardenfitness.base.apk
com.trainerize.andrewspt,/home/viper18/Desktop/GDPR/gdpr_test_bed/apks/com.trainerize.andrewspt.base.apk
com.trainerize.jessmfitness,/home/viper18/Desktop/GDPR/gdpr_test_bed/apks/com.trainerize.jessmfitness.base.apk
com.trainerize.ketocutswithlucdogg,/home/viper18/Desktop/GDPR/gdpr_test_bed/apks/com.trainerize.ketocutswithlucdogg.base.apk
com.thedietexperts,/home/viper18/Desktop/GDPR/gdpr_test_bed/apks/com.thedietexperts.base.apk
com.trainerize.justyoufitnesswinstonsalem,/home/viper18/Desktop/GDPR/gdpr_test_bed/apks/com.trainerize.justyoufitnesswinstonsalem.base.apk
com.trainerize.laurenhollyfit,/home/viper18/Desktop/GDPR/gdpr_test_bed/apks/com.trainerize.laurenhollyfit.base.apk
com.trainerize.nikkiauckland,/home/viper18/Desktop/GDPR/gdpr_test_bed/apks/com.trainerize.nikkiauckland.base.apk
com.trainerize.andersonsportandfitness,/home/viper18/Desktop/GDPR/gdpr_test_bed/apks/com.trainerize.andersonsportandfitness.base.apk
com.trainerize.ashleymooretraining,/home/viper18/Desktop/GDPR/gdpr_test_bed/apks/com.trainerize.ashleymooretraining.base.apk
com.trainerize.esdotfitness,/home/viper18/Desktop/GDPR/gdpr_test_bed/apks/com.trainerize.esdotfitness.base.apk
com.trainerize.bootytrainer,/home/viper18/Desktop/GDPR/gdpr_test_bed/apks/com.trainerize.bootytrainer.base.apk
com.trainerize.builtbyjavante,/home/viper18/Desktop/GDPR/gdpr_test_bed/apks/com.trainerize.builtbyjavante.base.apk
com.trainerize.lt3method,/home/viper18/Desktop/GDPR/gdpr_test_bed/apks/com.trainerize.lt3method.base.apk
com.trainerize.coachmorgan,/home/viper18/Desktop/GDPR/gdpr_test_bed/apks/com.trainerize.coachmorgan.base.apk
com.tiatech.tiatelemd,/home/viper18/Desktop/GDPR/gdpr_test_bed/apks/com.tiatech.tiatelemd.base.apk
com.trainerize.impactfitnesstraining,/home/viper18/Desktop/GDPR/gdpr_test_bed/apks/com.trainerize.impactfitnesstraining.base.apk
com.trainerize.fitnessone5,/home/viper18/Desktop/GDPR/gdpr_test_bed/apks/com.trainerize.fitnessone5.base.apk
com.tentiv.androidapp,/home/viper18/Desktop/GDPR/gdpr_test_bed/apks/com.tentiv.androidapp.base.apk
com.tiboInShape.shapeyou,/home/viper18/Desktop/GDPR/gdpr_test_bed/apks/com.tiboInShape.shapeyou.base.apk
com.trainerize.attainedathletics,/home/viper18/Desktop/GDPR/gdpr_test_bed/apks/com.trainerize.attainedathletics.base.apk
com.trainerize.aarondownfitnessapp,/home/viper18/Desktop/GDPR/gdpr_test_bed/apks/com.trainerize.aarondownfitnessapp.base.apk
com.trainerize.doseathletics,/home/viper18/Desktop/GDPR/gdpr_test_bed/apks/com.trainerize.doseathletics.base.apk
com.trainerize.helenperezfitnessapp,/home/viper18/Desktop/GDPR/gdpr_test_bed/apks/com.trainerize.helenperezfitnessapp.base.apk
com.trainerize.bulkboganfitness,/home/viper18/Desktop/GDPR/gdpr_test_bed/apks/com.trainerize.bulkboganfitness.base.apk
com.trainerize.athleticaesthetics,/home/viper18/Desktop/GDPR/gdpr_test_bed/apks/com.trainerize.athleticaesthetics.base.apk
com.trainerize.christinapirollifitness,/home/viper18/Desktop/GDPR/gdpr_test_bed/apks/com.trainerize.christinapirollifitness.base.apk
com.trainerize.maximumoutput,/home/viper18/Desktop/GDPR/gdpr_test_bed/apks/com.trainerize.maximumoutput.base.apk
com.trainerize.adamstowellfitness,/home/viper18/Desktop/GDPR/gdpr_test_bed/apks/com.trainerize.adamstowellfitness.base.apk
com.trainerize.cdexercisephysiology,/home/viper18/Desktop/GDPR/gdpr_test_bed/apks/com.trainerize.cdexercisephysiology.base.apk
com.trainerize.jacksonvillefitnessacademy,/home/viper18/Desktop/GDPR/gdpr_test_bed/apks/com.trainerize.jacksonvillefitnessacademy.base.apk
com.trainerize.fitthickacademy,/home/viper18/Desktop/GDPR/gdpr_test_bed/apks/com.trainerize.fitthickacademy.base.apk
com.trainerize.gamechangermacrosnutrition,/home/viper18/Desktop/GDPR/gdpr_test_bed/apks/com.trainerize.gamechangermacrosnutrition.base.apk
com.trainerize.hannahruthfitnessllc,/home/viper18/Desktop/GDPR/gdpr_test_bed/apks/com.trainerize.hannahruthfitnessllc.base.apk
com.trainerize.bootybuildingchallenge,/home/viper18/Desktop/GDPR/gdpr_test_bed/apks/com.trainerize.bootybuildingchallenge.base.apk
com.trainerize.collierbuttgenfitness,/home/viper18/Desktop/GDPR/gdpr_test_bed/apks/com.trainerize.collierbuttgenfitness.base.apk
com.trainerize.hansenperformanceandfitness,/home/viper18/Desktop/GDPR/gdpr_test_bed/apks/com.trainerize.hansenperformanceandfitness.base.apk
com.terapiachat.android,/home/viper18/Desktop/GDPR/gdpr_test_bed/apks/com.terapiachat.android.base.apk
com.trainerize.fisherfitnessapp,/home/viper18/Desktop/GDPR/gdpr_test_bed/apks/com.trainerize.fisherfitnessapp.base.apk
com.trainerize.flexlugertraining,/home/viper18/Desktop/GDPR/gdpr_test_bed/apks/com.trainerize.flexlugertraining.base.apk
com.trainerize.gsfitnesscoachapp,/home/viper18/Desktop/GDPR/gdpr_test_bed/apks/com.trainerize.gsfitnesscoachapp.base.apk
com.trainerize.danielleefitness,/home/viper18/Desktop/GDPR/gdpr_test_bed/apks/com.trainerize.danielleefitness.base.apk
com.trainerize.functionalfitnessyakima,/home/viper18/Desktop/GDPR/gdpr_test_bed/apks/com.trainerize.functionalfitnessyakima.base.apk
com.trainerize.andyginnfitness,/home/viper18/Desktop/GDPR/gdpr_test_bed/apks/com.trainerize.andyginnfitness.base.apk
com.trainerize.highlandfitness,/home/viper18/Desktop/GDPR/gdpr_test_bed/apks/com.trainerize.highlandfitness.base.apk
com.trainerize.jackcooperfitness,/home/viper18/Desktop/GDPR/gdpr_test_bed/apks/com.trainerize.jackcooperfitness.base.apk
com.trainerize.lkfitnessga,/home/viper18/Desktop/GDPR/gdpr_test_bed/apks/com.trainerize.lkfitnessga.base.apk
com.trainerize.justtrain,/home/viper18/Desktop/GDPR/gdpr_test_bed/apks/com.trainerize.justtrain.base.apk
com.trainerize.bentonbetter,/home/viper18/Desktop/GDPR/gdpr_test_bed/apks/com.trainerize.bentonbetter.base.apk
com.trainerize.mandygloverfitness,/home/viper18/Desktop/GDPR/gdpr_test_bed/apks/com.trainerize.mandygloverfitness.base.apk
com.trainerize.jeremyleefitness,/home/viper18/Desktop/GDPR/gdpr_test_bed/apks/com.trainerize.jeremyleefitness.base.apk
com.trainerize.belmontbodies,/home/viper18/Desktop/GDPR/gdpr_test_bed/apks/com.trainerize.belmontbodies.base.apk
com.trainerize.lifestyleathleticsapp,/home/viper18/Desktop/GDPR/gdpr_test_bed/apks/com.trainerize.lifestyleathleticsapp.base.apk
com.trainerize.fitnesschestapp,/home/viper18/Desktop/GDPR/gdpr_test_bed/apks/com.trainerize.fitnesschestapp.base.apk
com.trainerize.andrewcusackfitness,/home/viper18/Desktop/GDPR/gdpr_test_bed/apks/com.trainerize.andrewcusackfitness.base.apk
com.trainerize.nosweatmama,/home/viper18/Desktop/GDPR/gdpr_test_bed/apks/com.trainerize.nosweatmama.base.apk
com.trainerize.bridgetportersmartfitness,/home/viper18/Desktop/GDPR/gdpr_test_bed/apks/com.trainerize.bridgetportersmartfitness.base.apk
com.telmediq.smartpager.smc,/home/viper18/Desktop/GDPR/gdpr_test_bed/apks/com.telmediq.smartpager.smc.base.apk
com.trainerize.feelgoodfit,/home/viper18/Desktop/GDPR/gdpr_test_bed/apks/com.trainerize.feelgoodfit.base.apk
com.trainerize.changperformance,/home/viper18/Desktop/GDPR/gdpr_test_bed/apks/com.trainerize.changperformance.base.apk
com.trainerize.coachedbyell,/home/viper18/Desktop/GDPR/gdpr_test_bed/apks/com.trainerize.coachedbyell.base.apk
com.thevitalitygroup.johnhancock,/home/viper18/Desktop/GDPR/gdpr_test_bed/apks/com.thevitalitygroup.johnhancock.base.apk
com.trainerize.builtbydeena,/home/viper18/Desktop/GDPR/gdpr_test_bed/apks/com.trainerize.builtbydeena.base.apk
com.trainerize.nourishingandflourishing,/home/viper18/Desktop/GDPR/gdpr_test_bed/apks/com.trainerize.nourishingandflourishing.base.apk
com.trainerize.milefitness,/home/viper18/Desktop/GDPR/gdpr_test_bed/apks/com.trainerize.milefitness.base.apk
com.trainerize.mammothhq,/home/viper18/Desktop/GDPR/gdpr_test_bed/apks/com.trainerize.mammothhq.base.apk
com.trainerize.californiafamilyfitness1,/home/viper18/Desktop/GDPR/gdpr_test_bed/apks/com.trainerize.californiafamilyfitness1.base.apk
com.trainerize.delucafitnessandnutrition,/home/viper18/Desktop/GDPR/gdpr_test_bed/apks/com.trainerize.delucafitnessandnutrition.base.apk
com.trainerize.birdfitness,/home/viper18/Desktop/GDPR/gdpr_test_bed/apks/com.trainerize.birdfitness.base.apk
com.trainerize.finetunefitness,/home/viper18/Desktop/GDPR/gdpr_test_bed/apks/com.trainerize.finetunefitness.base.apk
com.trainerize.aubreynicolefitness,/home/viper18/Desktop/GDPR/gdpr_test_bed/apks/com.trainerize.aubreynicolefitness.base.apk
com.trainerize.justbfit,/home/viper18/Desktop/GDPR/gdpr_test_bed/apks/com.trainerize.justbfit.base.apk
com.trainerize.apexlifestyles,/home/viper18/Desktop/GDPR/gdpr_test_bed/apks/com.trainerize.apexlifestyles.base.apk
com.trainerize.gactivepersonaltraining,/home/viper18/Desktop/GDPR/gdpr_test_bed/apks/com.trainerize.gactivepersonaltraining.base.apk
com.trainerize.ambershawcoaching,/home/viper18/Desktop/GDPR/gdpr_test_bed/apks/com.trainerize.ambershawcoaching.base.apk
com.trainerize.brutefittraining,/home/viper18/Desktop/GDPR/gdpr_test_bed/apks/com.trainerize.brutefittraining.base.apk
com.thedreamcompany.babytrackerpro,/home/viper18/Desktop/GDPR/gdpr_test_bed/apks/com.thedreamcompany.babytrackerpro.base.apk
com.trainerize.nutritionbydanyamuir,/home/viper18/Desktop/GDPR/gdpr_test_bed/apks/com.trainerize.nutritionbydanyamuir.base.apk
com.telbios.telbiosConnect,/home/viper18/Desktop/GDPR/gdpr_test_bed/apks/com.telbios.telbiosConnect.base.apk
com.trainerize.bodypositivepersonaltraining,/home/viper18/Desktop/GDPR/gdpr_test_bed/apks/com.trainerize.bodypositivepersonaltraining.base.apk
com.thefitnessedgeco.train.store.own,/home/viper18/Desktop/GDPR/gdpr_test_bed/apks/com.thefitnessedgeco.train.store.own.base.apk
com.trainerize.bestfitness,/home/viper18/Desktop/GDPR/gdpr_test_bed/apks/com.trainerize.bestfitness.base.apk
com.trainerize.mmachthealth,/home/viper18/Desktop/GDPR/gdpr_test_bed/apks/com.trainerize.mmachthealth.base.apk
com.trainerize.billionairefitnessuk,/home/viper18/Desktop/GDPR/gdpr_test_bed/apks/com.trainerize.billionairefitnessuk.base.apk
com.trainerize.bradeneveleighfitness,/home/viper18/Desktop/GDPR/gdpr_test_bed/apks/com.trainerize.bradeneveleighfitness.base.apk
com.trainerize.breakthroughfitnessnutrition,/home/viper18/Desktop/GDPR/gdpr_test_bed/apks/com.trainerize.breakthroughfitnessnutrition.base.apk
com.tictrac.android.oned,/home/viper18/Desktop/GDPR/gdpr_test_bed/apks/com.tictrac.android.oned.base.apk
com.trainerize.leighgreenecoaching,/home/viper18/Desktop/GDPR/gdpr_test_bed/apks/com.trainerize.leighgreenecoaching.base.apk
com.trainerize.cheshirebarbell,/home/viper18/Desktop/GDPR/gdpr_test_bed/apks/com.trainerize.cheshirebarbell.base.apk
com.trainerize.fitfetish,/home/viper18/Desktop/GDPR/gdpr_test_bed/apks/com.trainerize.fitfetish.base.apk
com.trainerize.fitnfearless,/home/viper18/Desktop/GDPR/gdpr_test_bed/apks/com.trainerize.fitnfearless.base.apk
com.trainerize.leanbodysolutionsfitness,/home/viper18/Desktop/GDPR/gdpr_test_bed/apks/com.trainerize.leanbodysolutionsfitness.base.apk
com.trainerize.lab,/home/viper18/Desktop/GDPR/gdpr_test_bed/apks/com.trainerize.lab.base.apk
com.trainerize.dailynourishapp,/home/viper18/Desktop/GDPR/gdpr_test_bed/apks/com.trainerize.dailynourishapp.base.apk
com.trainerize.liftonline,/home/viper18/Desktop/GDPR/gdpr_test_bed/apks/com.trainerize.liftonline.base.apk
com.trainerize.blakeholmanfitness,/home/viper18/Desktop/GDPR/gdpr_test_bed/apks/com.trainerize.blakeholmanfitness.base.apk
com.trainerize.fitnessintervention,/home/viper18/Desktop/GDPR/gdpr_test_bed/apks/com.trainerize.fitnessintervention.base.apk
com.trainerize.gain,/home/viper18/Desktop/GDPR/gdpr_test_bed/apks/com.trainerize.gain.base.apk
com.trainerize.healthheretic,/home/viper18/Desktop/GDPR/gdpr_test_bed/apks/com.trainerize.healthheretic.base.apk
com.trainerize.faithfueledlife,/home/viper18/Desktop/GDPR/gdpr_test_bed/apks/com.trainerize.faithfueledlife.base.apk
com.trainerize.ironlifebootcamp,/home/viper18/Desktop/GDPR/gdpr_test_bed/apks/com.trainerize.ironlifebootcamp.base.apk
com.trainerize.francosfitness,/home/viper18/Desktop/GDPR/gdpr_test_bed/apks/com.trainerize.francosfitness.base.apk
com.trainerize.marcuscarterfitness,/home/viper18/Desktop/GDPR/gdpr_test_bed/apks/com.trainerize.marcuscarterfitness.base.apk
com.trainerize.kylelambertfitness,/home/viper18/Desktop/GDPR/gdpr_test_bed/apks/com.trainerize.kylelambertfitness.base.apk
com.themovementathlete.app,/home/viper18/Desktop/GDPR/gdpr_test_bed/apks/com.themovementathlete.app.base.apk
com.trainerize.lachymoranfitness,/home/viper18/Desktop/GDPR/gdpr_test_bed/apks/com.trainerize.lachymoranfitness.base.apk
com.trainerize.championfitness6,/home/viper18/Desktop/GDPR/gdpr_test_bed/apks/com.trainerize.championfitness6.base.apk
com.trainerize.invertedmonkey,/home/viper18/Desktop/GDPR/gdpr_test_bed/apks/com.trainerize.invertedmonkey.base.apk
com.trainerize.nutritionenlight,/home/viper18/Desktop/GDPR/gdpr_test_bed/apks/com.trainerize.nutritionenlight.base.apk
com.trainerize.chancyfit,/home/viper18/Desktop/GDPR/gdpr_test_bed/apks/com.trainerize.chancyfit.base.apk
com.trainerize.goldsgymftwalton,/home/viper18/Desktop/GDPR/gdpr_test_bed/apks/com.trainerize.goldsgymftwalton.base.apk
com.trainerize.coachmikewilson,/home/viper18/Desktop/GDPR/gdpr_test_bed/apks/com.trainerize.coachmikewilson.base.apk
com.trainerize.legacymethod,/home/viper18/Desktop/GDPR/gdpr_test_bed/apks/com.trainerize.legacymethod.base.apk
com.trainerize.jackgermainfitness,/home/viper18/Desktop/GDPR/gdpr_test_bed/apks/com.trainerize.jackgermainfitness.base.apk
com.trainerize.emilywhitehead,/home/viper18/Desktop/GDPR/gdpr_test_bed/apks/com.trainerize.emilywhitehead.base.apk
com.trainerize.fitbyslick,/home/viper18/Desktop/GDPR/gdpr_test_bed/apks/com.trainerize.fitbyslick.base.apk
com.trainerize.coachhayward,/home/viper18/Desktop/GDPR/gdpr_test_bed/apks/com.trainerize.coachhayward.base.apk
com.trainerize.ohhyeah,/home/viper18/Desktop/GDPR/gdpr_test_bed/apks/com.trainerize.ohhyeah.base.apk
com.trainerize.kerrstrengthtraining,/home/viper18/Desktop/GDPR/gdpr_test_bed/apks/com.trainerize.kerrstrengthtraining.base.apk
com.trainerize.coachjosephfitness,/home/viper18/Desktop/GDPR/gdpr_test_bed/apks/com.trainerize.coachjosephfitness.base.apk
com.trainerize.jocacademy,/home/viper18/Desktop/GDPR/gdpr_test_bed/apks/com.trainerize.jocacademy.base.apk
com.techverticks.farmhandhorse,/home/viper18/Desktop/GDPR/gdpr_test_bed/apks/com.techverticks.farmhandhorse.base.apk
com.trainerize.jackedegosfitness,/home/viper18/Desktop/GDPR/gdpr_test_bed/apks/com.trainerize.jackedegosfitness.base.apk
com.trainerize.chrisprotein,/home/viper18/Desktop/GDPR/gdpr_test_bed/apks/com.trainerize.chrisprotein.base.apk
com.trainerize.murcathleticdevelopment,/home/viper18/Desktop/GDPR/gdpr_test_bed/apks/com.trainerize.murcathleticdevelopment.base.apk
com.timp.moveitcenter,/home/viper18/Desktop/GDPR/gdpr_test_bed/apks/com.timp.moveitcenter.base.apk
com.trainerize.cassonstrengthandfitness,/home/viper18/Desktop/GDPR/gdpr_test_bed/apks/com.trainerize.cassonstrengthandfitness.base.apk
com.trainerize.calvertfitness,/home/viper18/Desktop/GDPR/gdpr_test_bed/apks/com.trainerize.calvertfitness.base.apk
com.trainerize.alexwraithpt,/home/viper18/Desktop/GDPR/gdpr_test_bed/apks/com.trainerize.alexwraithpt.base.apk
com.trainerize.bpfitnessapp,/home/viper18/Desktop/GDPR/gdpr_test_bed/apks/com.trainerize.bpfitnessapp.base.apk
com.trainerize.mpttransformation,/home/viper18/Desktop/GDPR/gdpr_test_bed/apks/com.trainerize.mpttransformation.base.apk
com.trainerize.linkagellc,/home/viper18/Desktop/GDPR/gdpr_test_bed/apks/com.trainerize.linkagellc.base.apk
com.technogym.mywellness.ymcasa,/home/viper18/Desktop/GDPR/gdpr_test_bed/apks/com.technogym.mywellness.ymcasa.base.apk
com.trainerize.athleticaf,/home/viper18/Desktop/GDPR/gdpr_test_bed/apks/com.trainerize.athleticaf.base.apk
com.trainerize.livefitnutrition,/home/viper18/Desktop/GDPR/gdpr_test_bed/apks/com.trainerize.livefitnutrition.base.apk
com.trainerize.bekfoleypersonaltraining,/home/viper18/Desktop/GDPR/gdpr_test_bed/apks/com.trainerize.bekfoleypersonaltraining.base.apk
com.trainerize.fitnesscf2,/home/viper18/Desktop/GDPR/gdpr_test_bed/apks/com.trainerize.fitnesscf2.base.apk
com.trainerize.ameliapeterstraining,/home/viper18/Desktop/GDPR/gdpr_test_bed/apks/com.trainerize.ameliapeterstraining.base.apk
com.tenminutesreactnative,/home/viper18/Desktop/GDPR/gdpr_test_bed/apks/com.tenminutesreactnative.base.apk
com.trainerize.alisonheilig,/home/viper18/Desktop/GDPR/gdpr_test_bed/apks/com.trainerize.alisonheilig.base.apk
com.trainerize.hansenfitnessforgolf,/home/viper18/Desktop/GDPR/gdpr_test_bed/apks/com.trainerize.hansenfitnessforgolf.base.apk
com.trainerize.anvilforge,/home/viper18/Desktop/GDPR/gdpr_test_bed/apks/com.trainerize.anvilforge.base.apk
com.trainerize.nogymrequired,/home/viper18/Desktop/GDPR/gdpr_test_bed/apks/com.trainerize.nogymrequired.base.apk
com.trainerize.heatheradamsfitness,/home/viper18/Desktop/GDPR/gdpr_test_bed/apks/com.trainerize.heatheradamsfitness.base.apk
com.trainerize.laurenstognerfitness,/home/viper18/Desktop/GDPR/gdpr_test_bed/apks/com.trainerize.laurenstognerfitness.base.apk
com.trainerize.legendaryfitnessandtraining,/home/viper18/Desktop/GDPR/gdpr_test_bed/apks/com.trainerize.legendaryfitnessandtraining.base.apk
com.trainerize.justsawsam,/home/viper18/Desktop/GDPR/gdpr_test_bed/apks/com.trainerize.justsawsam.base.apk
com.trainerize.manifestfitness,/home/viper18/Desktop/GDPR/gdpr_test_bed/apks/com.trainerize.manifestfitness.base.apk
com.thesirona,/home/viper18/Desktop/GDPR/gdpr_test_bed/apks/com.thesirona.base.apk
com.trainerize.championmethod,/home/viper18/Desktop/GDPR/gdpr_test_bed/apks/com.trainerize.championmethod.base.apk
com.tickledmedia.ParentTown,/home/viper18/Desktop/GDPR/gdpr_test_bed/apks/com.tickledmedia.ParentTown.base.apk
com.trainerize.beyondfitapp,/home/viper18/Desktop/GDPR/gdpr_test_bed/apks/com.trainerize.beyondfitapp.base.apk
com.trainerize.coreonline,/home/viper18/Desktop/GDPR/gdpr_test_bed/apks/com.trainerize.coreonline.base.apk
com.trainerize.garciamuaythaigym,/home/viper18/Desktop/GDPR/gdpr_test_bed/apks/com.trainerize.garciamuaythaigym.base.apk
com.trainerize.maxefficiency,/home/viper18/Desktop/GDPR/gdpr_test_bed/apks/com.trainerize.maxefficiency.base.apk
com.trainerize.modusathletica,/home/viper18/Desktop/GDPR/gdpr_test_bed/apks/com.trainerize.modusathletica.base.apk
com.trainerize.healthyflexprescription,/home/viper18/Desktop/GDPR/gdpr_test_bed/apks/com.trainerize.healthyflexprescription.base.apk
com.trainerize.ironandfig,/home/viper18/Desktop/GDPR/gdpr_test_bed/apks/com.trainerize.ironandfig.base.apk
com.trainerize.elitetrainingusafitnessapp,/home/viper18/Desktop/GDPR/gdpr_test_bed/apks/com.trainerize.elitetrainingusafitnessapp.base.apk
com.tonal.companion,/home/viper18/Desktop/GDPR/gdpr_test_bed/apks/com.tonal.companion.base.apk
com.trainerize.aymhigher,/home/viper18/Desktop/GDPR/gdpr_test_bed/apks/com.trainerize.aymhigher.base.apk
com.trainerize.goalcrusher,/home/viper18/Desktop/GDPR/gdpr_test_bed/apks/com.trainerize.goalcrusher.base.apk
com.trainerize.irongirlz,/home/viper18/Desktop/GDPR/gdpr_test_bed/apks/com.trainerize.irongirlz.base.apk
com.trainerize.lifestylemanagementapp,/home/viper18/Desktop/GDPR/gdpr_test_bed/apks/com.trainerize.lifestylemanagementapp.base.apk
com.trainerize.fitbodyfusion,/home/viper18/Desktop/GDPR/gdpr_test_bed/apks/com.trainerize.fitbodyfusion.base.apk
com.trainerize.ashleighjade,/home/viper18/Desktop/GDPR/gdpr_test_bed/apks/com.trainerize.ashleighjade.base.apk
com.trainerize.bdavistraining,/home/viper18/Desktop/GDPR/gdpr_test_bed/apks/com.trainerize.bdavistraining.base.apk
com.trainerize.mobfitness,/home/viper18/Desktop/GDPR/gdpr_test_bed/apks/com.trainerize.mobfitness.base.apk
com.trainerize.hpcmauritius,/home/viper18/Desktop/GDPR/gdpr_test_bed/apks/com.trainerize.hpcmauritius.base.apk
com.trainerize.figuredoutfitness,/home/viper18/Desktop/GDPR/gdpr_test_bed/apks/com.trainerize.figuredoutfitness.base.apk
com.trainerize.mariafentonfitness,/home/viper18/Desktop/GDPR/gdpr_test_bed/apks/com.trainerize.mariafentonfitness.base.apk
com.trainerize.elitelevelathletes,/home/viper18/Desktop/GDPR/gdpr_test_bed/apks/com.trainerize.elitelevelathletes.base.apk
com.trainerize.opiumgymonline,/home/viper18/Desktop/GDPR/gdpr_test_bed/apks/com.trainerize.opiumgymonline.base.apk
com.trainerize.onus,/home/viper18/Desktop/GDPR/gdpr_test_bed/apks/com.trainerize.onus.base.apk
com.trainerize.benmaltonpersonaltraining,/home/viper18/Desktop/GDPR/gdpr_test_bed/apks/com.trainerize.benmaltonpersonaltraining.base.apk
com.trainerize.fluffintotough,/home/viper18/Desktop/GDPR/gdpr_test_bed/apks/com.trainerize.fluffintotough.base.apk
com.trainerize.miltonathleticclub,/home/viper18/Desktop/GDPR/gdpr_test_bed/apks/com.trainerize.miltonathleticclub.base.apk
com.trainerize.jvbfitness,/home/viper18/Desktop/GDPR/gdpr_test_bed/apks/com.trainerize.jvbfitness.base.apk
com.theparadym.app.prod,/home/viper18/Desktop/GDPR/gdpr_test_bed/apks/com.theparadym.app.prod.base.apk
com.trainerize.freedombody,/home/viper18/Desktop/GDPR/gdpr_test_bed/apks/com.trainerize.freedombody.base.apk
com.trainerize.foreverflourishcoaching,/home/viper18/Desktop/GDPR/gdpr_test_bed/apks/com.trainerize.foreverflourishcoaching.base.apk
com.trainerize.instillperformance,/home/viper18/Desktop/GDPR/gdpr_test_bed/apks/com.trainerize.instillperformance.base.apk
com.trainerize.jhcoaching,/home/viper18/Desktop/GDPR/gdpr_test_bed/apks/com.trainerize.jhcoaching.base.apk
com.trainerize.bodyenvy,/home/viper18/Desktop/GDPR/gdpr_test_bed/apks/com.trainerize.bodyenvy.base.apk
com.trainerize.bodiesbyperseverance,/home/viper18/Desktop/GDPR/gdpr_test_bed/apks/com.trainerize.bodiesbyperseverance.base.apk
com.trainerize.austinhydefitness,/home/viper18/Desktop/GDPR/gdpr_test_bed/apks/com.trainerize.austinhydefitness.base.apk
com.trainerize.benchmarkfitness,/home/viper18/Desktop/GDPR/gdpr_test_bed/apks/com.trainerize.benchmarkfitness.base.apk
com.tinysystem.bc,/home/viper18/Desktop/GDPR/gdpr_test_bed/apks/com.tinysystem.bc.base.apk
com.trainerize.forwardactiveprogramming,/home/viper18/Desktop/GDPR/gdpr_test_bed/apks/com.trainerize.forwardactiveprogramming.base.apk
com.themobilecompany.guidedbreathing,/home/viper18/Desktop/GDPR/gdpr_test_bed/apks/com.themobilecompany.guidedbreathing.base.apk
com.trainerize.empowertrainingsystems,/home/viper18/Desktop/GDPR/gdpr_test_bed/apks/com.trainerize.empowertrainingsystems.base.apk
com.trainerize.leemurphyinfiniteprogramme,/home/viper18/Desktop/GDPR/gdpr_test_bed/apks/com.trainerize.leemurphyinfiniteprogramme.base.apk
com.trainerize.everybodihealthandfitness,/home/viper18/Desktop/GDPR/gdpr_test_bed/apks/com.trainerize.everybodihealthandfitness.base.apk
com.trainerize.leaptrainer,/home/viper18/Desktop/GDPR/gdpr_test_bed/apks/com.trainerize.leaptrainer.base.apk
com.trainerize.legendaryufitness,/home/viper18/Desktop/GDPR/gdpr_test_bed/apks/com.trainerize.legendaryufitness.base.apk
com.trainerize.legionathleticsvipcoaching,/home/viper18/Desktop/GDPR/gdpr_test_bed/apks/com.trainerize.legionathleticsvipcoaching.base.apk
com.trainerize.elishascottfitness,/home/viper18/Desktop/GDPR/gdpr_test_bed/apks/com.trainerize.elishascottfitness.base.apk
com.trainerize.formfocusfitness,/home/viper18/Desktop/GDPR/gdpr_test_bed/apks/com.trainerize.formfocusfitness.base.apk
com.trainerize.icarusfitness,/home/viper18/Desktop/GDPR/gdpr_test_bed/apks/com.trainerize.icarusfitness.base.apk
com.trainerize.miltonmarreroperformance,/home/viper18/Desktop/GDPR/gdpr_test_bed/apks/com.trainerize.miltonmarreroperformance.base.apk
com.trainerize.coachandersonapp,/home/viper18/Desktop/GDPR/gdpr_test_bed/apks/com.trainerize.coachandersonapp.base.apk
com.trainerize.fitnessafter50,/home/viper18/Desktop/GDPR/gdpr_test_bed/apks/com.trainerize.fitnessafter50.base.apk
com.trainerize.elishajanehealthandfitness,/home/viper18/Desktop/GDPR/gdpr_test_bed/apks/com.trainerize.elishajanehealthandfitness.base.apk
com.trainerize.absolutebodyarmor,/home/viper18/Desktop/GDPR/gdpr_test_bed/apks/com.trainerize.absolutebodyarmor.base.apk
com.trainerize.noexcusestraining,/home/viper18/Desktop/GDPR/gdpr_test_bed/apks/com.trainerize.noexcusestraining.base.apk
com.trainerize.fightingfit,/home/viper18/Desktop/GDPR/gdpr_test_bed/apks/com.trainerize.fightingfit.base.apk
com.trainerize.jeffvukfitness,/home/viper18/Desktop/GDPR/gdpr_test_bed/apks/com.trainerize.jeffvukfitness.base.apk
com.tiatech.tiatele,/home/viper18/Desktop/GDPR/gdpr_test_bed/apks/com.tiatech.tiatele.base.apk
com.trainerize.ldesjardinsfitnesscoaching,/home/viper18/Desktop/GDPR/gdpr_test_bed/apks/com.trainerize.ldesjardinsfitnesscoaching.base.apk
com.trainerize.coachdanielleruban,/home/viper18/Desktop/GDPR/gdpr_test_bed/apks/com.trainerize.coachdanielleruban.base.apk
com.trainerize.hybridlifestyle,/home/viper18/Desktop/GDPR/gdpr_test_bed/apks/com.trainerize.hybridlifestyle.base.apk
com.trainerize.greatapefitness,/home/viper18/Desktop/GDPR/gdpr_test_bed/apks/com.trainerize.greatapefitness.base.apk
com.trainerize.jennifowler,/home/viper18/Desktop/GDPR/gdpr_test_bed/apks/com.trainerize.jennifowler.base.apk
com.trainerize.macromavens,/home/viper18/Desktop/GDPR/gdpr_test_bed/apks/com.trainerize.macromavens.base.apk
com.tracker.tribe,/home/viper18/Desktop/GDPR/gdpr_test_bed/apks/com.tracker.tribe.base.apk
com.trainerize.andrewmarshamfitness,/home/viper18/Desktop/GDPR/gdpr_test_bed/apks/com.trainerize.andrewmarshamfitness.base.apk
com.trainerize.cjfitnessapp,/home/viper18/Desktop/GDPR/gdpr_test_bed/apks/com.trainerize.cjfitnessapp.base.apk
com.trainerize.bodybyintuition,/home/viper18/Desktop/GDPR/gdpr_test_bed/apks/com.trainerize.bodybyintuition.base.apk
com.trainerize.liliskyewellness,/home/viper18/Desktop/GDPR/gdpr_test_bed/apks/com.trainerize.liliskyewellness.base.apk
com.trainerize.melbennettfitness,/home/viper18/Desktop/GDPR/gdpr_test_bed/apks/com.trainerize.melbennettfitness.base.apk
com.trainerize.azfitness,/home/viper18/Desktop/GDPR/gdpr_test_bed/apks/com.trainerize.azfitness.base.apk
com.trainerize.leanwithreem,/home/viper18/Desktop/GDPR/gdpr_test_bed/apks/com.trainerize.leanwithreem.base.apk
com.trainerize.arrowstrong,/home/viper18/Desktop/GDPR/gdpr_test_bed/apks/com.trainerize.arrowstrong.base.apk
com.trainerize.jeromerietveldtraining,/home/viper18/Desktop/GDPR/gdpr_test_bed/apks/com.trainerize.jeromerietveldtraining.base.apk
com.trainerize.hilltopphysique,/home/viper18/Desktop/GDPR/gdpr_test_bed/apks/com.trainerize.hilltopphysique.base.apk
com.trainerize.bodiesbybowlen,/home/viper18/Desktop/GDPR/gdpr_test_bed/apks/com.trainerize.bodiesbybowlen.base.apk
com.trainerize.myphysique,/home/viper18/Desktop/GDPR/gdpr_test_bed/apks/com.trainerize.myphysique.base.apk
com.trainerize.artemisphysique,/home/viper18/Desktop/GDPR/gdpr_test_bed/apks/com.trainerize.artemisphysique.base.apk
com.trainerize.fitfiercefemme,/home/viper18/Desktop/GDPR/gdpr_test_bed/apks/com.trainerize.fitfiercefemme.base.apk
com.trainerize.mikewoodingsfitness,/home/viper18/Desktop/GDPR/gdpr_test_bed/apks/com.trainerize.mikewoodingsfitness.base.apk
com.thetouchx.hbl2,/home/viper18/Desktop/GDPR/gdpr_test_bed/apks/com.thetouchx.hbl2.base.apk
com.trainerize.increaseathletics,/home/viper18/Desktop/GDPR/gdpr_test_bed/apks/com.trainerize.increaseathletics.base.apk
com.trainerize.fitnessindependent,/home/viper18/Desktop/GDPR/gdpr_test_bed/apks/com.trainerize.fitnessindependent.base.apk
com.trainerize.ashmackfitness,/home/viper18/Desktop/GDPR/gdpr_test_bed/apks/com.trainerize.ashmackfitness.base.apk
com.trainerize.ethanmurraycoaching,/home/viper18/Desktop/GDPR/gdpr_test_bed/apks/com.trainerize.ethanmurraycoaching.base.apk
com.trainerize.fitselfflex,/home/viper18/Desktop/GDPR/gdpr_test_bed/apks/com.trainerize.fitselfflex.base.apk
com.trainerize.ironwarrior,/home/viper18/Desktop/GDPR/gdpr_test_bed/apks/com.trainerize.ironwarrior.base.apk
com.trainerize.levici,/home/viper18/Desktop/GDPR/gdpr_test_bed/apks/com.trainerize.levici.base.apk
com.trainerize.blackflagtexas,/home/viper18/Desktop/GDPR/gdpr_test_bed/apks/com.trainerize.blackflagtexas.base.apk
com.trainerize.leanandfittraining,/home/viper18/Desktop/GDPR/gdpr_test_bed/apks/com.trainerize.leanandfittraining.base.apk
com.trainerize.kineticchainmanagement,/home/viper18/Desktop/GDPR/gdpr_test_bed/apks/com.trainerize.kineticchainmanagement.base.apk
com.trainerize.movetolive,/home/viper18/Desktop/GDPR/gdpr_test_bed/apks/com.trainerize.movetolive.base.apk
com.trainerize.neverdietagain,/home/viper18/Desktop/GDPR/gdpr_test_bed/apks/com.trainerize.neverdietagain.base.apk
com.trainerize.concealedstrength,/home/viper18/Desktop/GDPR/gdpr_test_bed/apks/com.trainerize.concealedstrength.base.apk
com.trainerize.letsgrowgirls,/home/viper18/Desktop/GDPR/gdpr_test_bed/apks/com.trainerize.letsgrowgirls.base.apk
com.trainerize.classfit,/home/viper18/Desktop/GDPR/gdpr_test_bed/apks/com.trainerize.classfit.base.apk
com.trainerize.hawkinshealth,/home/viper18/Desktop/GDPR/gdpr_test_bed/apks/com.trainerize.hawkinshealth.base.apk
com.trainerize.actorsfitnessguild,/home/viper18/Desktop/GDPR/gdpr_test_bed/apks/com.trainerize.actorsfitnessguild.base.apk
com.trainerize.brandonjohnsonfitness,/home/viper18/Desktop/GDPR/gdpr_test_bed/apks/com.trainerize.brandonjohnsonfitness.base.apk
com.tompod.batterywatch,/home/viper18/Desktop/GDPR/gdpr_test_bed/apks/com.tompod.batterywatch.base.apk
com.thevitalitygroup.vitalitytoday,/home/viper18/Desktop/GDPR/gdpr_test_bed/apks/com.thevitalitygroup.vitalitytoday.base.apk
com.trainerize.biafitness,/home/viper18/Desktop/GDPR/gdpr_test_bed/apks/com.trainerize.biafitness.base.apk
com.trainerize.ferrerfitness,/home/viper18/Desktop/GDPR/gdpr_test_bed/apks/com.trainerize.ferrerfitness.base.apk
com.trainerize.codenutritioncoaching,/home/viper18/Desktop/GDPR/gdpr_test_bed/apks/com.trainerize.codenutritioncoaching.base.apk
com.trainerize.nwtransform,/home/viper18/Desktop/GDPR/gdpr_test_bed/apks/com.trainerize.nwtransform.base.apk
com.trainerize.ironsideprograms,/home/viper18/Desktop/GDPR/gdpr_test_bed/apks/com.trainerize.ironsideprograms.base.apk
com.trainerize.nextstephealthandfitness,/home/viper18/Desktop/GDPR/gdpr_test_bed/apks/com.trainerize.nextstephealthandfitness.base.apk
com.trainerize.fitwithcourtneymarie,/home/viper18/Desktop/GDPR/gdpr_test_bed/apks/com.trainerize.fitwithcourtneymarie.base.apk
com.trainerize.andrewballpersonaltraining,/home/viper18/Desktop/GDPR/gdpr_test_bed/apks/com.trainerize.andrewballpersonaltraining.base.apk
com.trainerize.nextlevelperformance,/home/viper18/Desktop/GDPR/gdpr_test_bed/apks/com.trainerize.nextlevelperformance.base.apk
com.trainerize.footballperformanceconsultancylimited,/home/viper18/Desktop/GDPR/gdpr_test_bed/apks/com.trainerize.footballperformanceconsultancylimited.base.apk
com.trainerize.giftedstrength,/home/viper18/Desktop/GDPR/gdpr_test_bed/apks/com.trainerize.giftedstrength.base.apk
com.trainerize.nlfitnessapp,/home/viper18/Desktop/GDPR/gdpr_test_bed/apks/com.trainerize.nlfitnessapp.base.apk
com.trainerize.kinaesthetic,/home/viper18/Desktop/GDPR/gdpr_test_bed/apks/com.trainerize.kinaesthetic.base.apk
com.trainerize.gratefulsweattribe,/home/viper18/Desktop/GDPR/gdpr_test_bed/apks/com.trainerize.gratefulsweattribe.base.apk
com.trainerize.breal,/home/viper18/Desktop/GDPR/gdpr_test_bed/apks/com.trainerize.breal.base.apk
com.trainerize.mandygillapp,/home/viper18/Desktop/GDPR/gdpr_test_bed/apks/com.trainerize.mandygillapp.base.apk
com.trainerize.guildtrainingsystems,/home/viper18/Desktop/GDPR/gdpr_test_bed/apks/com.trainerize.guildtrainingsystems.base.apk
com.trainerize.gemmapearsonfitness,/home/viper18/Desktop/GDPR/gdpr_test_bed/apks/com.trainerize.gemmapearsonfitness.base.apk
com.trainerize.jennygeyserwellness,/home/viper18/Desktop/GDPR/gdpr_test_bed/apks/com.trainerize.jennygeyserwellness.base.apk
com.trainerize.fitschool,/home/viper18/Desktop/GDPR/gdpr_test_bed/apks/com.trainerize.fitschool.base.apk
com.trainerize.befitfitness,/home/viper18/Desktop/GDPR/gdpr_test_bed/apks/com.trainerize.befitfitness.base.apk
com.trainerize.brooksperformance,/home/viper18/Desktop/GDPR/gdpr_test_bed/apks/com.trainerize.brooksperformance.base.apk
com.trainerize.chronichealthclub,/home/viper18/Desktop/GDPR/gdpr_test_bed/apks/com.trainerize.chronichealthclub.base.apk
com.trainerize.fivepoints,/home/viper18/Desktop/GDPR/gdpr_test_bed/apks/com.trainerize.fivepoints.base.apk
com.trainerize.bfit4life,/home/viper18/Desktop/GDPR/gdpr_test_bed/apks/com.trainerize.bfit4life.base.apk
com.trainerize.empowercoaching,/home/viper18/Desktop/GDPR/gdpr_test_bed/apks/com.trainerize.empowercoaching.base.apk
com.trainerize.cliffsedgeperformance,/home/viper18/Desktop/GDPR/gdpr_test_bed/apks/com.trainerize.cliffsedgeperformance.base.apk
com.trainerize.nextphasestudio,/home/viper18/Desktop/GDPR/gdpr_test_bed/apks/com.trainerize.nextphasestudio.base.apk
com.trainerize.fearlessfitness,/home/viper18/Desktop/GDPR/gdpr_test_bed/apks/com.trainerize.fearlessfitness.base.apk
com.trainerize.kinetix,/home/viper18/Desktop/GDPR/gdpr_test_bed/apks/com.trainerize.kinetix.base.apk
com.trainerize.annasano,/home/viper18/Desktop/GDPR/gdpr_test_bed/apks/com.trainerize.annasano.base.apk
com.trainerize.jayprattsalteregofitness,/home/viper18/Desktop/GDPR/gdpr_test_bed/apks/com.trainerize.jayprattsalteregofitness.base.apk
com.trainerize.axiomathletes,/home/viper18/Desktop/GDPR/gdpr_test_bed/apks/com.trainerize.axiomathletes.base.apk
com.telus.checkup,/home/viper18/Desktop/GDPR/gdpr_test_bed/apks/com.telus.checkup.base.apk
com.trainerize.bossladyfitness,/home/viper18/Desktop/GDPR/gdpr_test_bed/apks/com.trainerize.bossladyfitness.base.apk
com.trainerize.ladythefup,/home/viper18/Desktop/GDPR/gdpr_test_bed/apks/com.trainerize.ladythefup.base.apk
com.trainerize.fasmovementtraining,/home/viper18/Desktop/GDPR/gdpr_test_bed/apks/com.trainerize.fasmovementtraining.base.apk
com.trainerize.fit2fat2fit,/home/viper18/Desktop/GDPR/gdpr_test_bed/apks/com.trainerize.fit2fat2fit.base.apk
com.trainerize.melimbercoaching,/home/viper18/Desktop/GDPR/gdpr_test_bed/apks/com.trainerize.melimbercoaching.base.apk
com.trainerize.ketodynasty,/home/viper18/Desktop/GDPR/gdpr_test_bed/apks/com.trainerize.ketodynasty.base.apk
com.trainerize.hellohealth,/home/viper18/Desktop/GDPR/gdpr_test_bed/apks/com.trainerize.hellohealth.base.apk
com.trainerize.olympianperformancephysique,/home/viper18/Desktop/GDPR/gdpr_test_bed/apks/com.trainerize.olympianperformancephysique.base.apk
com.trainerize.elev8performance,/home/viper18/Desktop/GDPR/gdpr_test_bed/apks/com.trainerize.elev8performance.base.apk
com.tinytracks,/home/viper18/Desktop/GDPR/gdpr_test_bed/apks/com.tinytracks.base.apk
com.thyroid.info_diet.help,/home/viper18/Desktop/GDPR/gdpr_test_bed/apks/com.thyroid.info_diet.help.base.apk
com.trainerize.beaubodiesllc,/home/viper18/Desktop/GDPR/gdpr_test_bed/apks/com.trainerize.beaubodiesllc.base.apk
com.trainerize.foreverstronger,/home/viper18/Desktop/GDPR/gdpr_test_bed/apks/com.trainerize.foreverstronger.base.apk
com.trainerize.buildandshredacademy,/home/viper18/Desktop/GDPR/gdpr_test_bed/apks/com.trainerize.buildandshredacademy.base.apk
com.trainerize.dumbbellblonde,/home/viper18/Desktop/GDPR/gdpr_test_bed/apks/com.trainerize.dumbbellblonde.base.apk
com.thesnapback.assistant,/home/viper18/Desktop/GDPR/gdpr_test_bed/apks/com.thesnapback.assistant.base.apk
com.trainerize.flourishingfitness,/home/viper18/Desktop/GDPR/gdpr_test_bed/apks/com.trainerize.flourishingfitness.base.apk
com.trainerize.fattomuscle,/home/viper18/Desktop/GDPR/gdpr_test_bed/apks/com.trainerize.fattomuscle.base.apk
com.trainerize.askafitguy,/home/viper18/Desktop/GDPR/gdpr_test_bed/apks/com.trainerize.askafitguy.base.apk
com.trainerize.bodytemplebymorganlangford,/home/viper18/Desktop/GDPR/gdpr_test_bed/apks/com.trainerize.bodytemplebymorganlangford.base.apk
com.thempl,/home/viper18/Desktop/GDPR/gdpr_test_bed/apks/com.thempl.base.apk
com.trainerize.clutchbodyshopmembersonly,/home/viper18/Desktop/GDPR/gdpr_test_bed/apks/com.trainerize.clutchbodyshopmembersonly.base.apk
com.trainerize.bradleymartinfitness,/home/viper18/Desktop/GDPR/gdpr_test_bed/apks/com.trainerize.bradleymartinfitness.base.apk
com.trainerize.befitsenjitos,/home/viper18/Desktop/GDPR/gdpr_test_bed/apks/com.trainerize.befitsenjitos.base.apk
com.trainerize.drfrankvalente,/home/viper18/Desktop/GDPR/gdpr_test_bed/apks/com.trainerize.drfrankvalente.base.apk
com.trainerize.fit2atbystevielee,/home/viper18/Desktop/GDPR/gdpr_test_bed/apks/com.trainerize.fit2atbystevielee.base.apk
com.trainerize.alwaysstrongfitness,/home/viper18/Desktop/GDPR/gdpr_test_bed/apks/com.trainerize.alwaysstrongfitness.base.apk
com.thermometerforfever.bodytemperature.recordsdiary,/home/viper18/Desktop/GDPR/gdpr_test_bed/apks/com.thermometerforfever.bodytemperature.recordsdiary.base.apk
com.trainerize.davidwilliamsonpt,/home/viper18/Desktop/GDPR/gdpr_test_bed/apks/com.trainerize.davidwilliamsonpt.base.apk
com.trainerize.inspiredathletics,/home/viper18/Desktop/GDPR/gdpr_test_bed/apks/com.trainerize.inspiredathletics.base.apk
com.trainerize.macromini,/home/viper18/Desktop/GDPR/gdpr_test_bed/apks/com.trainerize.macromini.base.apk
com.trainerize.mombodlove,/home/viper18/Desktop/GDPR/gdpr_test_bed/apks/com.trainerize.mombodlove.base.apk
com.trainerize.nmelifestyle,/home/viper18/Desktop/GDPR/gdpr_test_bed/apks/com.trainerize.nmelifestyle.base.apk
com.trainerize.benefitbodypersonaltraining,/home/viper18/Desktop/GDPR/gdpr_test_bed/apks/com.trainerize.benefitbodypersonaltraining.base.apk
com.trainerize.dropitlikeasquat,/home/viper18/Desktop/GDPR/gdpr_test_bed/apks/com.trainerize.dropitlikeasquat.base.apk
com.trainerize.alexhertelfitness,/home/viper18/Desktop/GDPR/gdpr_test_bed/apks/com.trainerize.alexhertelfitness.base.apk
com.trainerize.marinobasiconlineapp,/home/viper18/Desktop/GDPR/gdpr_test_bed/apks/com.trainerize.marinobasiconlineapp.base.apk
com.trainerize.calisthenicconditioning,/home/viper18/Desktop/GDPR/gdpr_test_bed/apks/com.trainerize.calisthenicconditioning.base.apk
com.trainerize.elitemtathletics,/home/viper18/Desktop/GDPR/gdpr_test_bed/apks/com.trainerize.elitemtathletics.base.apk
com.trainerize.flexappeal,/home/viper18/Desktop/GDPR/gdpr_test_bed/apks/com.trainerize.flexappeal.base.apk
com.toneitup.android,/home/viper18/Desktop/GDPR/gdpr_test_bed/apks/com.toneitup.android.base.apk
com.trainerize.majesticstrength,/home/viper18/Desktop/GDPR/gdpr_test_bed/apks/com.trainerize.majesticstrength.base.apk
com.trainerize.infinitefitness,/home/viper18/Desktop/GDPR/gdpr_test_bed/apks/com.trainerize.infinitefitness.base.apk
com.teencounseling,/home/viper18/Desktop/GDPR/gdpr_test_bed/apks/com.teencounseling.base.apk
com.thoroughbredsolutions.amanda,/home/viper18/Desktop/GDPR/gdpr_test_bed/apks/com.thoroughbredsolutions.amanda.base.apk
com.trainerize.bodybybern,/home/viper18/Desktop/GDPR/gdpr_test_bed/apks/com.trainerize.bodybybern.base.apk
com.thfamily18.pregnancymonitor,/home/viper18/Desktop/GDPR/gdpr_test_bed/apks/com.thfamily18.pregnancymonitor.base.apk
com.trainerize.cassempowerment,/home/viper18/Desktop/GDPR/gdpr_test_bed/apks/com.trainerize.cassempowerment.base.apk
com.trainerize.coachandrew,/home/viper18/Desktop/GDPR/gdpr_test_bed/apks/com.trainerize.coachandrew.base.apk
com.trainerize.corefitnessaz,/home/viper18/Desktop/GDPR/gdpr_test_bed/apks/com.trainerize.corefitnessaz.base.apk
com.trainerize.demolish180,/home/viper18/Desktop/GDPR/gdpr_test_bed/apks/com.trainerize.demolish180.base.apk
com.trainerize.empowertraining,/home/viper18/Desktop/GDPR/gdpr_test_bed/apks/com.trainerize.empowertraining.base.apk
com.trainerize.hyatttraining,/home/viper18/Desktop/GDPR/gdpr_test_bed/apks/com.trainerize.hyatttraining.base.apk
com.trainerize.ironrealmfitness,/home/viper18/Desktop/GDPR/gdpr_test_bed/apks/com.trainerize.ironrealmfitness.base.apk
com.trainerize.fitnesstoatee,/home/viper18/Desktop/GDPR/gdpr_test_bed/apks/com.trainerize.fitnesstoatee.base.apk
com.trainerize.higherlevelperformance,/home/viper18/Desktop/GDPR/gdpr_test_bed/apks/com.trainerize.higherlevelperformance.base.apk
com.trainerize.holmesfitness,/home/viper18/Desktop/GDPR/gdpr_test_bed/apks/com.trainerize.holmesfitness.base.apk
com.trainerize.allornothingtraininghub,/home/viper18/Desktop/GDPR/gdpr_test_bed/apks/com.trainerize.allornothingtraininghub.base.apk
com.tendapp,/home/viper18/Desktop/GDPR/gdpr_test_bed/apks/com.tendapp.base.apk
com.trainerize.katebfitmovement,/home/viper18/Desktop/GDPR/gdpr_test_bed/apks/com.trainerize.katebfitmovement.base.apk
com.trainerize.fitnessandnutritionapp,/home/viper18/Desktop/GDPR/gdpr_test_bed/apks/com.trainerize.fitnessandnutritionapp.base.apk
com.trainerize.kochtraining,/home/viper18/Desktop/GDPR/gdpr_test_bed/apks/com.trainerize.kochtraining.base.apk
com.trainerize.ladiesstrengthdepartment,/home/viper18/Desktop/GDPR/gdpr_test_bed/apks/com.trainerize.ladiesstrengthdepartment.base.apk
com.trainerize.alexinesonphysiques,/home/viper18/Desktop/GDPR/gdpr_test_bed/apks/com.trainerize.alexinesonphysiques.base.apk
com.trainerize.jordangentilefitness,/home/viper18/Desktop/GDPR/gdpr_test_bed/apks/com.trainerize.jordangentilefitness.base.apk
com.trainerize.cpstrongertogether,/home/viper18/Desktop/GDPR/gdpr_test_bed/apks/com.trainerize.cpstrongertogether.base.apk
com.trainerize.hardcoretraining,/home/viper18/Desktop/GDPR/gdpr_test_bed/apks/com.trainerize.hardcoretraining.base.apk
com.trainerize.maxwellfitnessllc,/home/viper18/Desktop/GDPR/gdpr_test_bed/apks/com.trainerize.maxwellfitnessllc.base.apk
com.trainerize.carbonworldhealth,/home/viper18/Desktop/GDPR/gdpr_test_bed/apks/com.trainerize.carbonworldhealth.base.apk
com.trainerize.expeditionfitness,/home/viper18/Desktop/GDPR/gdpr_test_bed/apks/com.trainerize.expeditionfitness.base.apk
com.trainerize.annaquinnfitness,/home/viper18/Desktop/GDPR/gdpr_test_bed/apks/com.trainerize.annaquinnfitness.base.apk
com.trainerize.alexvalentinetraining,/home/viper18/Desktop/GDPR/gdpr_test_bed/apks/com.trainerize.alexvalentinetraining.base.apk
com.trainerize.jocochranept,/home/viper18/Desktop/GDPR/gdpr_test_bed/apks/com.trainerize.jocochranept.base.apk
com.trainerize.jerseywomenstrong,/home/viper18/Desktop/GDPR/gdpr_test_bed/apks/com.trainerize.jerseywomenstrong.base.apk
com.trainerize.krisbakercoaching,/home/viper18/Desktop/GDPR/gdpr_test_bed/apks/com.trainerize.krisbakercoaching.base.apk
com.trainerize.mattfit,/home/viper18/Desktop/GDPR/gdpr_test_bed/apks/com.trainerize.mattfit.base.apk
com.trainerize.fifthelementfitness,/home/viper18/Desktop/GDPR/gdpr_test_bed/apks/com.trainerize.fifthelementfitness.base.apk
com.trainerize.grizzlyphysiquetraining,/home/viper18/Desktop/GDPR/gdpr_test_bed/apks/com.trainerize.grizzlyphysiquetraining.base.apk
com.trainerize.bakernutritionandfitness,/home/viper18/Desktop/GDPR/gdpr_test_bed/apks/com.trainerize.bakernutritionandfitness.base.apk
com.trainerize.metanoiastrong,/home/viper18/Desktop/GDPR/gdpr_test_bed/apks/com.trainerize.metanoiastrong.base.apk
com.trainerize.chloeswainfit,/home/viper18/Desktop/GDPR/gdpr_test_bed/apks/com.trainerize.chloeswainfit.base.apk
com.trainerize.echelonfitness,/home/viper18/Desktop/GDPR/gdpr_test_bed/apks/com.trainerize.echelonfitness.base.apk
com.trainerize.markwboswell,/home/viper18/Desktop/GDPR/gdpr_test_bed/apks/com.trainerize.markwboswell.base.apk
com.trainerize.ievolvefitness,/home/viper18/Desktop/GDPR/gdpr_test_bed/apks/com.trainerize.ievolvefitness.base.apk
com.trainerize.jessicamariefitness,/home/viper18/Desktop/GDPR/gdpr_test_bed/apks/com.trainerize.jessicamariefitness.base.apk
com.trainerize.fitcoachusa,/home/viper18/Desktop/GDPR/gdpr_test_bed/apks/com.trainerize.fitcoachusa.base.apk
com.trainerize.fastingsagefitness,/home/viper18/Desktop/GDPR/gdpr_test_bed/apks/com.trainerize.fastingsagefitness.base.apk
com.trainerize.leangirl,/home/viper18/Desktop/GDPR/gdpr_test_bed/apks/com.trainerize.leangirl.base.apk
com.trainerize.apaesthetics,/home/viper18/Desktop/GDPR/gdpr_test_bed/apks/com.trainerize.apaesthetics.base.apk
com.trainerize.bootybyjake,/home/viper18/Desktop/GDPR/gdpr_test_bed/apks/com.trainerize.bootybyjake.base.apk
com.trainerize.anabolichealthandfitness,/home/viper18/Desktop/GDPR/gdpr_test_bed/apks/com.trainerize.anabolichealthandfitness.base.apk
com.trainerize.bossbabefitnessacademy,/home/viper18/Desktop/GDPR/gdpr_test_bed/apks/com.trainerize.bossbabefitnessacademy.base.apk
com.thrst.app,/home/viper18/Desktop/GDPR/gdpr_test_bed/apks/com.thrst.app.base.apk
com.trainerize.calvert,/home/viper18/Desktop/GDPR/gdpr_test_bed/apks/com.trainerize.calvert.base.apk
com.trainerize.officialcoachmarco,/home/viper18/Desktop/GDPR/gdpr_test_bed/apks/com.trainerize.officialcoachmarco.base.apk
com.trainerize.dynamixfitnessbylisa,/home/viper18/Desktop/GDPR/gdpr_test_bed/apks/com.trainerize.dynamixfitnessbylisa.base.apk
com.trainerize.fourseasonshealthclub,/home/viper18/Desktop/GDPR/gdpr_test_bed/apks/com.trainerize.fourseasonshealthclub.base.apk
com.trainerize.jerichonicodemusfitness,/home/viper18/Desktop/GDPR/gdpr_test_bed/apks/com.trainerize.jerichonicodemusfitness.base.apk
com.trainerize.empowerherfitness,/home/viper18/Desktop/GDPR/gdpr_test_bed/apks/com.trainerize.empowerherfitness.base.apk
com.trainerize.hobanfitness,/home/viper18/Desktop/GDPR/gdpr_test_bed/apks/com.trainerize.hobanfitness.base.apk
com.trainerize.collinsathleticperformance,/home/viper18/Desktop/GDPR/gdpr_test_bed/apks/com.trainerize.collinsathleticperformance.base.apk
com.trainerize.kylegaineyfitnesscoaching,/home/viper18/Desktop/GDPR/gdpr_test_bed/apks/com.trainerize.kylegaineyfitnesscoaching.base.apk
com.trainerize.jonhortonpersonaltraining,/home/viper18/Desktop/GDPR/gdpr_test_bed/apks/com.trainerize.jonhortonpersonaltraining.base.apk
com.trainerize.fitandlean,/home/viper18/Desktop/GDPR/gdpr_test_bed/apks/com.trainerize.fitandlean.base.apk
com.touswatches.touswear,/home/viper18/Desktop/GDPR/gdpr_test_bed/apks/com.touswatches.touswear.base.apk
